Input Entity,Entity Type,Resolved Name,InChIKey,InChIKey Link,SMILES,SMILES Link,PubChem CID,PubChem Link,ChEMBL ID,ChEMBL Link,ChemSpider ID,ChemSpider Link,RefSeq,GenBank,GenBank Link,Gene Link,Protein Link,Ensembl,Ensembl Link,UniProt,UniProt Link,CCDS,InterPro,InterPro Link,Validation Issues,KEGG
glucosse,chemical,,WQZGKKKJIJFFOK-GASJEMHNSA-N,https://pubchem.ncbi.nlm.nih.gov/compound/WQZGKKKJIJFFOK-GASJEMHNSA-N,C(C1C(C(C(C(O1)O)O)O)O)O,https://pubchem.ncbi.nlm.nih.gov/compound/5793,5793,https://pubchem.ncbi.nlm.nih.gov/compound/5793,CHEMBL448805,https://www.ebi.ac.uk/chembl/compound_report_card/CHEMBL448805/,,,,,,,,,,,,,,,"SMILES mismatch: {'C(C1C(C(C(C(O1)O)O)O)O)O', 'O=C[C@H](O)[C@@H](O)[C@H](O)[C@H](O)CO'}",
adenosne triphoshate,chemical,ADENOSINE TRIPHOSPHATE DISODIUM,ZKHQWZAMYRWXGA-KQYNXXCUSA-N,https://pubchem.ncbi.nlm.nih.gov/compound/ZKHQWZAMYRWXGA-KQYNXXCUSA-N,C1=NC(=C2C(=N1)N(C=N2)C3C(C(C(O3)COP(=O)(O)OP(=O)(O)OP(=O)(O)O)O)O)N,https://pubchem.ncbi.nlm.nih.gov/compound/5957,5957,https://pubchem.ncbi.nlm.nih.gov/compound/5957,CHEMBL2106579,https://www.ebi.ac.uk/chembl/compound_report_card/CHEMBL2106579/,,,,,,,,,,,,,,,"SMILES mismatch: {'C1=NC(=C2C(=N1)N(C=N2)C3C(C(C(O3)COP(=O)(O)OP(=O)(O)OP(=O)(O)O)O)O)N', 'Nc1ncnc2c1ncn2[C@@H]1O[C@H](COP(=O)(O)OP(=O)([O-])OP(=O)([O-])O)[C@@H](O)[C@H]1O.[Na+].[Na+]'}",
cytossine,chemical,,OPTASPLRGRRNAP-UHFFFAOYSA-N,https://pubchem.ncbi.nlm.nih.gov/compound/OPTASPLRGRRNAP-UHFFFAOYSA-N,C1=C(NC(=O)N=C1)N,https://pubchem.ncbi.nlm.nih.gov/compound/597,597,https://pubchem.ncbi.nlm.nih.gov/compound/597,CHEMBL3559613,https://www.ebi.ac.uk/chembl/compound_report_card/CHEMBL3559613/,,,,,,,,,,,,,,,"SMILES mismatch: {'C1=C(NC(=O)N=C1)N', 'Cc1c2cc[n+](C)cc2c(C)c2c3c([nH]c12)C=CC(=O)[C@@]31O[C@@H]2[C@H](O1)[C@@H](COP(=O)(O)O)O[C@H]2n1ccc(N)nc1=O'}",
ureaa,chemical,UREA,XSQUKJJJFZCRTK-UHFFFAOYSA-N,https://pubchem.ncbi.nlm.nih.gov/compound/XSQUKJJJFZCRTK-UHFFFAOYSA-N,C(=O)(N)N,https://pubchem.ncbi.nlm.nih.gov/compound/1176,1176,https://pubchem.ncbi.nlm.nih.gov/compound/1176,CHEMBL985,https://www.ebi.ac.uk/chembl/compound_report_card/CHEMBL985/,,,,,,,,,,,,,,,"SMILES mismatch: {'C(=O)(N)N', 'NC(N)=O'}",
lipoprotien,protein,Lipoprotein,,,,,,,,,,,,,,,https://www.ncbi.nlm.nih.gov/protein/2991357479,,,P0ADC1,https://www.uniprot.org/uniprot/P0ADC1,,G3DSA:3.30.160.150,https://www.ebi.ac.uk/interpro/entry/InterPro/G3DSA:3.30.160.150/,,
sucros,chemical,IRON SUCROSE,CZMRCDWAGMRECN-UGDNZRGBSA-N,https://pubchem.ncbi.nlm.nih.gov/compound/CZMRCDWAGMRECN-UGDNZRGBSA-N,C(C1C(C(C(C(O1)OC2(C(C(C(O2)CO)O)O)CO)O)O)O)O,https://pubchem.ncbi.nlm.nih.gov/compound/5988,5988,https://pubchem.ncbi.nlm.nih.gov/compound/5988,CHEMBL1200823,https://www.ebi.ac.uk/chembl/compound_report_card/CHEMBL1200823/,,,,,,,,,,,,,,,,
aspratic acid,chemical,ASPARTIC ACID,CKLJMWTZIZZHCS-REOHCLBHSA-N,https://pubchem.ncbi.nlm.nih.gov/compound/CKLJMWTZIZZHCS-REOHCLBHSA-N,C(C(C(=O)O)N)C(=O)O,https://pubchem.ncbi.nlm.nih.gov/compound/5960,5960,https://pubchem.ncbi.nlm.nih.gov/compound/5960,CHEMBL274323,https://www.ebi.ac.uk/chembl/compound_report_card/CHEMBL274323/,,,,,,,,,,,,,,,"SMILES mismatch: {'C(C(C(=O)O)N)C(=O)O', 'N[C@@H](CC(=O)O)C(=O)O'}",
glycraldehyde,chemical,,MNQZXJOMYWMBOU-UHFFFAOYSA-N,https://pubchem.ncbi.nlm.nih.gov/compound/MNQZXJOMYWMBOU-UHFFFAOYSA-N,C(C(C=O)O)O,https://pubchem.ncbi.nlm.nih.gov/compound/751,751,https://pubchem.ncbi.nlm.nih.gov/compound/751,CHEMBL1232918,https://www.ebi.ac.uk/chembl/compound_report_card/CHEMBL1232918/,,,,,,,,,,,,,,,"SMILES mismatch: {'O=C[C@H](O)COP(=O)(O)O', 'C(C(C=O)O)O'}",
oxaloactetate,chemical,OXALOACETATE,KHPXUQMNIQBQEV-UHFFFAOYSA-N,https://pubchem.ncbi.nlm.nih.gov/compound/KHPXUQMNIQBQEV-UHFFFAOYSA-N,C(C(=O)C(=O)O)C(=O)O,https://pubchem.ncbi.nlm.nih.gov/compound/970,970,https://pubchem.ncbi.nlm.nih.gov/compound/970,CHEMBL1794791,https://www.ebi.ac.uk/chembl/compound_report_card/CHEMBL1794791/,,,,,,,,,,,,,,,"SMILES mismatch: {'O=C(O)CC(=O)C(=O)O', 'C(C(=O)C(=O)O)C(=O)O'}",
pyruvic acidd,chemical,PYRUVIC ACID CALCIUM ISONIAZID,LCTONWCANYUPML-UHFFFAOYSA-N,https://pubchem.ncbi.nlm.nih.gov/compound/LCTONWCANYUPML-UHFFFAOYSA-N,CC(=O)C(=O)O,https://pubchem.ncbi.nlm.nih.gov/compound/1060,1060,https://pubchem.ncbi.nlm.nih.gov/compound/1060,CHEMBL2107174,https://www.ebi.ac.uk/chembl/compound_report_card/CHEMBL2107174/,,,,,,,,,,,,,,,"SMILES mismatch: {'C/C(=N\\NC(=O)c1ccncc1)C(=O)[O-].C/C(=N\\NC(=O)c1ccncc1)C(=O)[O-].[Ca+2]', 'CC(=O)C(=O)O'}",
laactate,chemical,POTASSIUM LACTATE,JVTAAEKCZFNVCJ-UHFFFAOYSA-M,https://pubchem.ncbi.nlm.nih.gov/compound/JVTAAEKCZFNVCJ-UHFFFAOYSA-M,CC(C(=O)[O-])O,https://pubchem.ncbi.nlm.nih.gov/compound/91435,91435,https://pubchem.ncbi.nlm.nih.gov/compound/91435,CHEMBL1200664,https://www.ebi.ac.uk/chembl/compound_report_card/CHEMBL1200664/,,,,,,,,,,,,,,,"SMILES mismatch: {'CC(O)C(=O)[O-].[K+]', 'CC(C(=O)[O-])O'}",
fructosse-6-phosphate,chemical,"FRUCTOSE 1,6-DIPHOSPHATE",GSXOAOHZAIYLCY-HSUXUTPPSA-N,https://pubchem.ncbi.nlm.nih.gov/compound/GSXOAOHZAIYLCY-HSUXUTPPSA-N,C(C(C(C(C(=O)CO)O)O)O)OP(=O)(O)O,https://pubchem.ncbi.nlm.nih.gov/compound/69507,69507,https://pubchem.ncbi.nlm.nih.gov/compound/69507,CHEMBL1089962,https://www.ebi.ac.uk/chembl/compound_report_card/CHEMBL1089962/,,,,,,,,,,,,,,,"SMILES mismatch: {'O=P(O)(O)OC[C@H]1O[C@@](O)(COP(=O)(O)O)[C@@H](O)[C@@H]1O', 'C(C(C(C(C(=O)CO)O)O)O)OP(=O)(O)O'}",
nicotnamide,chemical,NIACINAMIDE,DFPAKSUCGFBDDF-UHFFFAOYSA-N,https://pubchem.ncbi.nlm.nih.gov/compound/DFPAKSUCGFBDDF-UHFFFAOYSA-N,C1=CC(=CN=C1)C(=O)N,https://pubchem.ncbi.nlm.nih.gov/compound/936,936,https://pubchem.ncbi.nlm.nih.gov/compound/936,CHEMBL1140,https://www.ebi.ac.uk/chembl/compound_report_card/CHEMBL1140/,,,,,,,,,,,,,,,"SMILES mismatch: {'NC(=O)c1cccnc1', 'C1=CC(=CN=C1)C(=O)N'}",
phenyalalanine,chemical,PHENYLALANINE,COLNVLDHVKWLRT-QMMMGPOBSA-N,https://pubchem.ncbi.nlm.nih.gov/compound/COLNVLDHVKWLRT-QMMMGPOBSA-N,C1=CC=C(C=C1)CC(C(=O)O)N,https://pubchem.ncbi.nlm.nih.gov/compound/6140,6140,https://pubchem.ncbi.nlm.nih.gov/compound/6140,CHEMBL301523,https://www.ebi.ac.uk/chembl/compound_report_card/CHEMBL301523/,,,,,,,,,,,,,,,"SMILES mismatch: {'N[C@@H](Cc1ccccc1)C(=O)O', 'C1=CC=C(C=C1)CC(C(=O)O)N'}",
deoxyguanoine,chemical,,YKBGVTZYEHREMT-KVQBGUIXSA-N,https://pubchem.ncbi.nlm.nih.gov/compound/YKBGVTZYEHREMT-KVQBGUIXSA-N,C1C(C(OC1N2C=NC3=C2N=C(NC3=O)N)CO)O,https://pubchem.ncbi.nlm.nih.gov/compound/135398592,135398592,https://pubchem.ncbi.nlm.nih.gov/compound/135398592,CHEMBL1232205,https://www.ebi.ac.uk/chembl/compound_report_card/CHEMBL1232205/,,,,,,,,,,,,,,,"SMILES mismatch: {'C1C(C(OC1N2C=NC3=C2N=C(NC3=O)N)CO)O', 'Nc1nc2c(ncn2[C@H]2C[C@H](O)[C@@H](CO[P@](=O)(O)OP(=O)(O)O)O2)c(=O)[nH]1'}",
ascorbbic acid,chemical,ASCORBIC ACID,CIWBSHSKHKDKBQ-JLAZNSOCSA-N,https://pubchem.ncbi.nlm.nih.gov/compound/CIWBSHSKHKDKBQ-JLAZNSOCSA-N,C(C(C1C(=C(C(=O)O1)O)O)O)O,https://pubchem.ncbi.nlm.nih.gov/compound/54670067,54670067,https://pubchem.ncbi.nlm.nih.gov/compound/54670067,CHEMBL196,https://www.ebi.ac.uk/chembl/compound_report_card/CHEMBL196/,,,,,,,,,,,,,,,"SMILES mismatch: {'C(C(C1C(=C(C(=O)O1)O)O)O)O', 'O=C1O[C@H]([C@@H](O)CO)C(O)=C1O'}",
malonnate,chemical,,OFOBLEOULBTSOW-UHFFFAOYSA-L,https://pubchem.ncbi.nlm.nih.gov/compound/OFOBLEOULBTSOW-UHFFFAOYSA-L,C(C(=O)[O-])C(=O)[O-],https://pubchem.ncbi.nlm.nih.gov/compound/9084,9084,https://pubchem.ncbi.nlm.nih.gov/compound/9084,CHEMBL5483028,https://www.ebi.ac.uk/chembl/compound_report_card/CHEMBL5483028/,,,,,,,,,,,,,,,"SMILES mismatch: {'Cc1cc2c(OCC(CNC(C)(C)C)OC(=O)c3ccccc3)cccc2[nH]1.O=C(O)CC(=O)O', 'C(C(=O)[O-])C(=O)[O-]'}",
citratee,chemical,ENCLOMIPHENE CITRATE,KRKNYBCHXYNGOX-UHFFFAOYSA-K,https://pubchem.ncbi.nlm.nih.gov/compound/KRKNYBCHXYNGOX-UHFFFAOYSA-K,C(C(=O)[O-])C(CC(=O)[O-])(C(=O)[O-])O,https://pubchem.ncbi.nlm.nih.gov/compound/31348,31348,https://pubchem.ncbi.nlm.nih.gov/compound/31348,CHEMBL1200667,https://www.ebi.ac.uk/chembl/compound_report_card/CHEMBL1200667/,,,,,,,,,,,,,,,"SMILES mismatch: {'CCN(CC)CCOc1ccc(/C(=C(/Cl)c2ccccc2)c2ccccc2)cc1.O=C(O)CC(O)(CC(=O)O)C(=O)O', 'C(C(=O)[O-])C(CC(=O)[O-])(C(=O)[O-])O'}",
fumaratte,chemical,FERROUS FUMARATE,VZCYOOQTPOCHFL-OWOJBTEDSA-L,https://pubchem.ncbi.nlm.nih.gov/compound/VZCYOOQTPOCHFL-OWOJBTEDSA-L,C(=CC(=O)[O-])C(=O)[O-],https://pubchem.ncbi.nlm.nih.gov/compound/5460307,5460307,https://pubchem.ncbi.nlm.nih.gov/compound/5460307,CHEMBL1200640,https://www.ebi.ac.uk/chembl/compound_report_card/CHEMBL1200640/,,,,,,,,,,,,,,,,
aminoacettic acid,chemical,GLYCINE,DHMQDGOQFOQNFH-UHFFFAOYSA-N,https://pubchem.ncbi.nlm.nih.gov/compound/DHMQDGOQFOQNFH-UHFFFAOYSA-N,C(C(=O)O)N,https://pubchem.ncbi.nlm.nih.gov/compound/750,750,https://pubchem.ncbi.nlm.nih.gov/compound/750,CHEMBL773,https://www.ebi.ac.uk/chembl/compound_report_card/CHEMBL773/,,,,,,,,,,,,,,,"SMILES mismatch: {'NCC(=O)O', 'C(C(=O)O)N'}",
uracill,chemical,URACIL,ISAKRJDGNUQOIC-UHFFFAOYSA-N,https://pubchem.ncbi.nlm.nih.gov/compound/ISAKRJDGNUQOIC-UHFFFAOYSA-N,C1=CNC(=O)NC1=O,https://pubchem.ncbi.nlm.nih.gov/compound/1174,1174,https://pubchem.ncbi.nlm.nih.gov/compound/1174,CHEMBL566,https://www.ebi.ac.uk/chembl/compound_report_card/CHEMBL566/,,,,,,,,,,,,,,,"SMILES mismatch: {'O=c1cc[nH]c(=O)[nH]1', 'C1=CNC(=O)NC1=O'}",
ornithinee,chemical,ORNITHINE,AHLPHDHHMVZTML-BYPYZUCNSA-N,https://pubchem.ncbi.nlm.nih.gov/compound/AHLPHDHHMVZTML-BYPYZUCNSA-N,C(CC(C(=O)O)N)CN,https://pubchem.ncbi.nlm.nih.gov/compound/6262,6262,https://pubchem.ncbi.nlm.nih.gov/compound/6262,CHEMBL446143,https://www.ebi.ac.uk/chembl/compound_report_card/CHEMBL446143/,,,,,,,,,,,,,,,"SMILES mismatch: {'C(CC(C(=O)O)N)CN', 'NCCC[C@H](N)C(=O)O'}",
putrescne,chemical,PUTRESCINE DIHYDROCHLORIDE,KIDHWZJUCRJVML-UHFFFAOYSA-N,https://pubchem.ncbi.nlm.nih.gov/compound/KIDHWZJUCRJVML-UHFFFAOYSA-N,C(CCN)CN,https://pubchem.ncbi.nlm.nih.gov/compound/1045,1045,https://pubchem.ncbi.nlm.nih.gov/compound/1045,CHEMBL1528028,https://www.ebi.ac.uk/chembl/compound_report_card/CHEMBL1528028/,,,,,,,,,,,,,,,"SMILES mismatch: {'C(CCN)CN', 'Cl.Cl.NCCCCN'}",
sperrmine,chemical,,PFNFFQXMRSDOHW-UHFFFAOYSA-N,https://pubchem.ncbi.nlm.nih.gov/compound/PFNFFQXMRSDOHW-UHFFFAOYSA-N,C(CCNCCCN)CNCCCN,https://pubchem.ncbi.nlm.nih.gov/compound/1103,1103,https://pubchem.ncbi.nlm.nih.gov/compound/1103,CHEMBL503923,https://www.ebi.ac.uk/chembl/compound_report_card/CHEMBL503923/,,,,,,,,,,,,,,,"SMILES mismatch: {'C(CCNCCCN)CNCCCN', 'C=CC1=C(C)c2cc3[nH]c(cc4nc(cc5[nH]c(cc1n2)c(C)c5CCC(=O)NCCCCC(=O)N(CCCN)CCCCNCCCN)C(CCC(=O)NCCCCC(=O)N(CCCN)CCCCNCCCN)=C4C)c(C)c3C=C'}",
hypoxnthine,chemical,HYPOXANTHINE,FDGQSTZJBFJUBT-UHFFFAOYSA-N,https://pubchem.ncbi.nlm.nih.gov/compound/FDGQSTZJBFJUBT-UHFFFAOYSA-N,C1=NC2=C(N1)C(=O)NC=N2,https://pubchem.ncbi.nlm.nih.gov/compound/135398638,135398638,https://pubchem.ncbi.nlm.nih.gov/compound/135398638,CHEMBL1427,https://www.ebi.ac.uk/chembl/compound_report_card/CHEMBL1427/,,,,,,,,,,,,,,,"SMILES mismatch: {'C1=NC2=C(N1)C(=O)NC=N2', 'O=c1[nH]cnc2nc[nH]c12'}",
malicc acid,chemical,MALIC ACID,BJEPYKJPYRNKOW-UHFFFAOYSA-N,https://pubchem.ncbi.nlm.nih.gov/compound/BJEPYKJPYRNKOW-UHFFFAOYSA-N,C(C(C(=O)O)O)C(=O)O,https://pubchem.ncbi.nlm.nih.gov/compound/525,525,https://pubchem.ncbi.nlm.nih.gov/compound/525,CHEMBL1455497,https://www.ebi.ac.uk/chembl/compound_report_card/CHEMBL1455497/,,,,,,,,,,,,,,,"SMILES mismatch: {'C(C(C(=O)O)O)C(=O)O', 'O=C(O)CC(O)C(=O)O'}",
levulinc acid,chemical,LEVULINIC ACID,JOOXCMJARBKPKM-UHFFFAOYSA-N,https://pubchem.ncbi.nlm.nih.gov/compound/JOOXCMJARBKPKM-UHFFFAOYSA-N,CC(=O)CCC(=O)O,https://pubchem.ncbi.nlm.nih.gov/compound/11579,11579,https://pubchem.ncbi.nlm.nih.gov/compound/11579,CHEMBL1235931,https://www.ebi.ac.uk/chembl/compound_report_card/CHEMBL1235931/,,,,,,,,,,,,,,,,
nicotinammide adenine dinucleotid,chemical,,BAWFJGJZGIEFAR-NNYOXOHSSA-N,https://pubchem.ncbi.nlm.nih.gov/compound/BAWFJGJZGIEFAR-NNYOXOHSSA-N,C1=CC(=C[N+](=C1)C2C(C(C(O2)COP(=O)([O-])OP(=O)(O)OCC3C(C(C(O3)N4C=NC5=C(N=CN=C54)N)O)O)O)O)C(=O)N,https://pubchem.ncbi.nlm.nih.gov/compound/5892,5892,https://pubchem.ncbi.nlm.nih.gov/compound/5892,CHEMBL3350584,https://www.ebi.ac.uk/chembl/compound_report_card/CHEMBL3350584/,,,,,,,,,,,,,,,"SMILES mismatch: {'C1=CC(=C[N+](=C1)C2C(C(C(O2)COP(=O)([O-])OP(=O)(O)OCC3C(C(C(O3)N4C=NC5=C(N=CN=C54)N)O)O)O)O)C(=O)N', 'NC(=O)c1ccc[n+]([C@@H]2O[C@H](COP(=O)([O-])OP(=O)(O)OC[C@H]3O[C@@H](n4c(Br)nc5c(N)ncnc54)[C@H](O)[C@@H]3O)[C@@H](O)[C@H]2O)c1'}",
tetrahydrobiooterin,chemical,,FNKQXYHWGSIFBK-UHFFFAOYSA-N,https://pubchem.ncbi.nlm.nih.gov/compound/FNKQXYHWGSIFBK-UHFFFAOYSA-N,CC(C(C1CNC2=C(N1)C(=O)NC(=N2)N)O)O,https://pubchem.ncbi.nlm.nih.gov/compound/135402045,135402045,https://pubchem.ncbi.nlm.nih.gov/compound/135402045,CHEMBL4063304,https://www.ebi.ac.uk/chembl/compound_report_card/CHEMBL4063304/,,,,,,,,,,,,,,,"SMILES mismatch: {'C[C@H](O)[C@H](O)[C@@]1(C)CNc2[nH]c(N)nc(=O)c2N1', 'CC(C(C1CNC2=C(N1)C(=O)NC(=N2)N)O)O'}",
folicc acid,chemical,FOLIC ACID,OVBPIULPVIDEAO-LBPRGKRZSA-N,https://pubchem.ncbi.nlm.nih.gov/compound/OVBPIULPVIDEAO-LBPRGKRZSA-N,C1=CC(=CC=C1C(=O)NC(CCC(=O)O)C(=O)O)NCC2=CN=C3C(=N2)C(=O)NC(=N3)N,https://pubchem.ncbi.nlm.nih.gov/compound/135398658,135398658,https://pubchem.ncbi.nlm.nih.gov/compound/135398658,CHEMBL1622,https://www.ebi.ac.uk/chembl/compound_report_card/CHEMBL1622/,,,,,,,,,,,,,,,"SMILES mismatch: {'Nc1nc(=O)c2nc(CNc3ccc(C(=O)N[C@@H](CCC(=O)O)C(=O)O)cc3)cnc2[nH]1', 'C1=CC(=CC=C1C(=O)NC(CCC(=O)O)C(=O)O)NCC2=CN=C3C(=N2)C(=O)NC(=N3)N'}",
retinoll,chemical,RETINOL,FPIPGXGPPPQFEQ-OVSJKPMPSA-N,https://pubchem.ncbi.nlm.nih.gov/compound/FPIPGXGPPPQFEQ-OVSJKPMPSA-N,CC1=C(C(CCC1)(C)C)C=CC(=CC=CC(=CCO)C)C,https://pubchem.ncbi.nlm.nih.gov/compound/445354,445354,https://pubchem.ncbi.nlm.nih.gov/compound/445354,CHEMBL986,https://www.ebi.ac.uk/chembl/compound_report_card/CHEMBL986/,,,,,,,,,,,,,,,"SMILES mismatch: {'CC1=C(C(CCC1)(C)C)C=CC(=CC=CC(=CCO)C)C', 'CC1=C(/C=C/C(C)=C/C=C/C(C)=C/CO)C(C)(C)CCC1'}",
bilirubinn,chemical,BILIRUBIN MONOGLUCURONIDE,BPYKTIZUTYGOLE-IFADSCNNSA-N,https://pubchem.ncbi.nlm.nih.gov/compound/BPYKTIZUTYGOLE-IFADSCNNSA-N,CC1=C(NC(=C1CCC(=O)O)CC2=C(C(=C(N2)C=C3C(=C(C(=O)N3)C)C=C)C)CCC(=O)O)C=C4C(=C(C(=O)N4)C=C)C,https://pubchem.ncbi.nlm.nih.gov/compound/5280352,5280352,https://pubchem.ncbi.nlm.nih.gov/compound/5280352,CHEMBL2074720,https://www.ebi.ac.uk/chembl/compound_report_card/CHEMBL2074720/,,,,,,,,,,,,,,,"SMILES mismatch: {'CC1=C(NC(=C1CCC(=O)O)CC2=C(C(=C(N2)C=C3C(=C(C(=O)N3)C)C=C)C)CCC(=O)O)C=C4C(=C(C(=O)N4)C=C)C', 'C=CC1=C(C)/C(=C/c2[nH]c(Cc3[nH]c(/C=C4\\NC(=O)C(C)=C4C=C)c(C)c3CCC(=O)O[C@@H]3OC(C(=O)O)[C@@H](O)C(O)C3O)c(CCC(=O)O)c2C)NC1=O'}",
stearicc acid,chemical,STEARIC ACID,QIQXTHQIDYTFRH-UHFFFAOYSA-N,https://pubchem.ncbi.nlm.nih.gov/compound/QIQXTHQIDYTFRH-UHFFFAOYSA-N,CCCCCCCCCCCCCCCCCC(=O)O,https://pubchem.ncbi.nlm.nih.gov/compound/5281,5281,https://pubchem.ncbi.nlm.nih.gov/compound/5281,CHEMBL46403,https://www.ebi.ac.uk/chembl/compound_report_card/CHEMBL46403/,,,,,,,,,,,,,,,,
palmiticc acid,chemical,PALMITIC ACID,IPCSVZSSVZVIGE-UHFFFAOYSA-N,https://pubchem.ncbi.nlm.nih.gov/compound/IPCSVZSSVZVIGE-UHFFFAOYSA-N,CCCCCCCCCCCCCCCC(=O)O,https://pubchem.ncbi.nlm.nih.gov/compound/985,985,https://pubchem.ncbi.nlm.nih.gov/compound/985,CHEMBL82293,https://www.ebi.ac.uk/chembl/compound_report_card/CHEMBL82293/,,,,,,,,,,,,,,,,
linoleicc acid,chemical,LINOLEIC ACID,OYHQOLUKZRVURQ-HZJYTTRNSA-N,https://pubchem.ncbi.nlm.nih.gov/compound/OYHQOLUKZRVURQ-HZJYTTRNSA-N,CCCCCC=CCC=CCCCCCCCC(=O)O,https://pubchem.ncbi.nlm.nih.gov/compound/5280450,5280450,https://pubchem.ncbi.nlm.nih.gov/compound/5280450,CHEMBL267476,https://www.ebi.ac.uk/chembl/compound_report_card/CHEMBL267476/,,,,,,,,,,,,,,,"SMILES mismatch: {'CCCCC/C=C\\C/C=C\\CCCCCCCC(=O)O', 'CCCCCC=CCC=CCCCCCCCC(=O)O'}",
arachidonnic acid,chemical,ARACHIDONIC ACID,YZXBAPSDXZZRGB-DOFZRALJSA-N,https://pubchem.ncbi.nlm.nih.gov/compound/YZXBAPSDXZZRGB-DOFZRALJSA-N,CCCCCC=CCC=CCC=CCC=CCCCC(=O)O,https://pubchem.ncbi.nlm.nih.gov/compound/444899,444899,https://pubchem.ncbi.nlm.nih.gov/compound/444899,CHEMBL15594,https://www.ebi.ac.uk/chembl/compound_report_card/CHEMBL15594/,,,,,,,,,,,,,,,"SMILES mismatch: {'CCCCC/C=C\\C/C=C\\C/C=C\\C/C=C\\CCCC(=O)O', 'CCCCCC=CCC=CCC=CCC=CCCCC(=O)O'}",
melattonin,chemical,MELATONIN,DRLFMBDRBRZALE-UHFFFAOYSA-N,https://pubchem.ncbi.nlm.nih.gov/compound/DRLFMBDRBRZALE-UHFFFAOYSA-N,CC(=O)NCCC1=CNC2=C1C=C(C=C2)OC,https://pubchem.ncbi.nlm.nih.gov/compound/896,896,https://pubchem.ncbi.nlm.nih.gov/compound/896,CHEMBL45,https://www.ebi.ac.uk/chembl/compound_report_card/CHEMBL45/,,,,,,,,,,,,,,,"SMILES mismatch: {'CC(=O)NCCC1=CNC2=C1C=C(C=C2)OC', 'COc1ccc2[nH]cc(CCNC(C)=O)c2c1'}",
gamma-amino butyrate,chemical,GAMMA-AMINOBUTYRIC ACID,BTCSSZJGUNDROE-UHFFFAOYSA-N,https://pubchem.ncbi.nlm.nih.gov/compound/BTCSSZJGUNDROE-UHFFFAOYSA-N,C(CC(=O)O)CN,https://pubchem.ncbi.nlm.nih.gov/compound/119,119,https://pubchem.ncbi.nlm.nih.gov/compound/119,CHEMBL96,https://www.ebi.ac.uk/chembl/compound_report_card/CHEMBL96/,,,,,,,,,,,,,,,"SMILES mismatch: {'NCCCC(=O)O', 'C(CC(=O)O)CN'}",
glutatmate,chemical,ARGININE GLUTAMATE,WHUUTDBJXJRKMK-VKHMYHEASA-N,https://pubchem.ncbi.nlm.nih.gov/compound/WHUUTDBJXJRKMK-VKHMYHEASA-N,C(CC(=O)O)C(C(=O)O)N,https://pubchem.ncbi.nlm.nih.gov/compound/33032,33032,https://pubchem.ncbi.nlm.nih.gov/compound/33032,CHEMBL2104514,https://www.ebi.ac.uk/chembl/compound_report_card/CHEMBL2104514/,,,,,,,,,,,,,,,"SMILES mismatch: {'N=C(N)NCCC[C@H](N)C(=O)O.N[C@@H](CCC(=O)O)C(=O)O', 'C(CC(=O)O)C(C(=O)O)N'}",
acetaldehyyde,chemical,ACETALDEHYDE,IKHGUXGNUITLKF-UHFFFAOYSA-N,https://pubchem.ncbi.nlm.nih.gov/compound/IKHGUXGNUITLKF-UHFFFAOYSA-N,CC=O,https://pubchem.ncbi.nlm.nih.gov/compound/177,177,https://pubchem.ncbi.nlm.nih.gov/compound/177,CHEMBL170365,https://www.ebi.ac.uk/chembl/compound_report_card/CHEMBL170365/,,,,,,,,,,,,,,,,
methanolll,chemical,METHYL ALCOHOL,OKKJLVBELUTLKV-UHFFFAOYSA-N,https://pubchem.ncbi.nlm.nih.gov/compound/OKKJLVBELUTLKV-UHFFFAOYSA-N,CO,https://pubchem.ncbi.nlm.nih.gov/compound/887,887,https://pubchem.ncbi.nlm.nih.gov/compound/887,CHEMBL14688,https://www.ebi.ac.uk/chembl/compound_report_card/CHEMBL14688/,,,,,,,,,,,,,,,,
acettic acid,chemical,ACETIC ACID,QTBSBXVTEAMEQO-UHFFFAOYSA-N,https://pubchem.ncbi.nlm.nih.gov/compound/QTBSBXVTEAMEQO-UHFFFAOYSA-N,CC(=O)O,https://pubchem.ncbi.nlm.nih.gov/compound/176,176,https://pubchem.ncbi.nlm.nih.gov/compound/176,CHEMBL539,https://www.ebi.ac.uk/chembl/compound_report_card/CHEMBL539/,,,,,,,,,,,,,,,,
propanoic aciid,chemical,LACTOPHOSPHORIC ACID,XBDQKXXYIPTUBI-UHFFFAOYSA-N,https://pubchem.ncbi.nlm.nih.gov/compound/XBDQKXXYIPTUBI-UHFFFAOYSA-N,CCC(=O)O,https://pubchem.ncbi.nlm.nih.gov/compound/1032,1032,https://pubchem.ncbi.nlm.nih.gov/compound/1032,CHEMBL2111170,https://www.ebi.ac.uk/chembl/compound_report_card/CHEMBL2111170/,,,,,,,,,,,,,,,"SMILES mismatch: {'CC(O)C(=O)OP(=O)(O)O', 'CCC(=O)O'}",
butryic acid,chemical,BUTANOIC ACID,FERIUCNNQQJTOY-UHFFFAOYSA-N,https://pubchem.ncbi.nlm.nih.gov/compound/FERIUCNNQQJTOY-UHFFFAOYSA-N,CCCC(=O)O,https://pubchem.ncbi.nlm.nih.gov/compound/264,264,https://pubchem.ncbi.nlm.nih.gov/compound/264,CHEMBL14227,https://www.ebi.ac.uk/chembl/compound_report_card/CHEMBL14227/,,,,,,,,,,,,,,,,
valericc acid,chemical,VALERIC ACID,NQPDZGIKBAWPEJ-UHFFFAOYSA-N,https://pubchem.ncbi.nlm.nih.gov/compound/NQPDZGIKBAWPEJ-UHFFFAOYSA-N,CCCCC(=O)O,https://pubchem.ncbi.nlm.nih.gov/compound/7991,7991,https://pubchem.ncbi.nlm.nih.gov/compound/7991,CHEMBL268736,https://www.ebi.ac.uk/chembl/compound_report_card/CHEMBL268736/,,,,,,,,,,,,,,,,
caproic accid,chemical,,FUZZWVXGSFPDMH-UHFFFAOYSA-N,https://pubchem.ncbi.nlm.nih.gov/compound/FUZZWVXGSFPDMH-UHFFFAOYSA-N,CCCCCC(=O)O,https://pubchem.ncbi.nlm.nih.gov/compound/8892,8892,https://pubchem.ncbi.nlm.nih.gov/compound/8892,CHEMBL3913375,https://www.ebi.ac.uk/chembl/compound_report_card/CHEMBL3913375/,,,,,,,,,,,,,,,"SMILES mismatch: {'CCCCCC(=O)O', 'CCCCCC(=O)[O-].[K+]'}",
succinicc acid,chemical,SUCCINIC ACID,KDYFGRWQOYBRFD-UHFFFAOYSA-N,https://pubchem.ncbi.nlm.nih.gov/compound/KDYFGRWQOYBRFD-UHFFFAOYSA-N,C(CC(=O)O)C(=O)O,https://pubchem.ncbi.nlm.nih.gov/compound/1110,1110,https://pubchem.ncbi.nlm.nih.gov/compound/1110,CHEMBL576,https://www.ebi.ac.uk/chembl/compound_report_card/CHEMBL576/,,,,,,,,,,,,,,,"SMILES mismatch: {'C(CC(=O)O)C(=O)O', 'O=C(O)CCC(=O)O'}",
oxalacettic acid,chemical,OXALOACETATE,KHPXUQMNIQBQEV-UHFFFAOYSA-N,https://pubchem.ncbi.nlm.nih.gov/compound/KHPXUQMNIQBQEV-UHFFFAOYSA-N,C(C(=O)C(=O)O)C(=O)O,https://pubchem.ncbi.nlm.nih.gov/compound/970,970,https://pubchem.ncbi.nlm.nih.gov/compound/970,CHEMBL1794791,https://www.ebi.ac.uk/chembl/compound_report_card/CHEMBL1794791/,,,,,,,,,,,,,,,"SMILES mismatch: {'O=C(O)CC(=O)C(=O)O', 'C(C(=O)C(=O)O)C(=O)O'}",
acetoaccetic acid,chemical,,WDJHALXBUFZDSR-UHFFFAOYSA-N,https://pubchem.ncbi.nlm.nih.gov/compound/WDJHALXBUFZDSR-UHFFFAOYSA-N,CC(=O)CC(=O)O,https://pubchem.ncbi.nlm.nih.gov/compound/96,96,https://pubchem.ncbi.nlm.nih.gov/compound/96,CHEMBL51979,https://www.ebi.ac.uk/chembl/compound_report_card/CHEMBL51979/,,,,,,,,,,,,,,,"SMILES mismatch: {'CC(=O)CC(=O)O', 'O=C(O)CCC(=O)NO'}",
alpha-linolennic acid,chemical,LINOLENIC ACID,DTOSIQBPPRVQHS-PDBXOOCHSA-N,https://pubchem.ncbi.nlm.nih.gov/compound/DTOSIQBPPRVQHS-PDBXOOCHSA-N,CCC=CCC=CCC=CCCCCCCCC(=O)O,https://pubchem.ncbi.nlm.nih.gov/compound/5280934,5280934,https://pubchem.ncbi.nlm.nih.gov/compound/5280934,CHEMBL8739,https://www.ebi.ac.uk/chembl/compound_report_card/CHEMBL8739/,,,,,,,,,,,,,,,"SMILES mismatch: {'CC/C=C\\C/C=C\\C/C=C\\CCCCCCCC(=O)O', 'CCC=CCC=CCC=CCCCCCCCC(=O)O'}",
eicosapenntaenoic acid,chemical,ICOSAPENT,JAZBEHYOTPTENJ-JLNKQSITSA-N,https://pubchem.ncbi.nlm.nih.gov/compound/JAZBEHYOTPTENJ-JLNKQSITSA-N,CCC=CCC=CCC=CCC=CCC=CCCCC(=O)O,https://pubchem.ncbi.nlm.nih.gov/compound/446284,446284,https://pubchem.ncbi.nlm.nih.gov/compound/446284,CHEMBL460026,https://www.ebi.ac.uk/chembl/compound_report_card/CHEMBL460026/,,,,,,,,,,,,,,,"SMILES mismatch: {'CC/C=C\\C/C=C\\C/C=C\\C/C=C\\C/C=C\\CCCC(=O)O', 'CCC=CCC=CCC=CCC=CCC=CCCCC(=O)O'}",
docosahexxaenoic acid,chemical,DOCONEXENT,MBMBGCFOFBJSGT-KUBAVDMBSA-N,https://pubchem.ncbi.nlm.nih.gov/compound/MBMBGCFOFBJSGT-KUBAVDMBSA-N,CCC=CCC=CCC=CCC=CCC=CCC=CCCC(=O)O,https://pubchem.ncbi.nlm.nih.gov/compound/445580,445580,https://pubchem.ncbi.nlm.nih.gov/compound/445580,CHEMBL367149,https://www.ebi.ac.uk/chembl/compound_report_card/CHEMBL367149/,,,,,,,,,,,,,,,"SMILES mismatch: {'CC/C=C\\C/C=C\\C/C=C\\C/C=C\\C/C=C\\C/C=C\\CCC(=O)O', 'CCC=CCC=CCC=CCC=CCC=CCC=CCCC(=O)O'}",
galactosamine,chemical,URACIL DIPHOSPHATE GALACTOSAMINE,MSWZFWKMSRAUBD-GASJEMHNSA-N,https://pubchem.ncbi.nlm.nih.gov/compound/MSWZFWKMSRAUBD-GASJEMHNSA-N,C(C1C(C(C(C(O1)O)N)O)O)O,https://pubchem.ncbi.nlm.nih.gov/compound/24154,24154,https://pubchem.ncbi.nlm.nih.gov/compound/24154,CHEMBL2092918,https://www.ebi.ac.uk/chembl/compound_report_card/CHEMBL2092918/,,,,,,,,,,,,,,,"SMILES mismatch: {'N[C@H]1[C@@H](OP(=O)(O)OP(=O)(O)OC[C@H]2O[C@@H](n3ccc(=O)[nH]c3=O)[C@H](O)[C@@H]2O)O[C@H](CO)[C@H](O)[C@@H]1O', 'C(C1C(C(C(C(O1)O)N)O)O)O'}",
deoxyrybose,chemical,,ASJSAQIRZKANQN-CRCLSJGQSA-N,https://pubchem.ncbi.nlm.nih.gov/compound/ASJSAQIRZKANQN-CRCLSJGQSA-N,C(C=O)C(C(CO)O)O,https://pubchem.ncbi.nlm.nih.gov/compound/5460005,5460005,https://pubchem.ncbi.nlm.nih.gov/compound/5460005,CHEMBL4203642,https://www.ebi.ac.uk/chembl/compound_report_card/CHEMBL4203642/,,,,,,,,,,,,,,,"SMILES mismatch: {'C(C=O)C(C(CO)O)O', 'OC[C@H]1O[C@@H](n2ccc3cc(C4CCCCC4)ccc32)[C@H](O)[C@@H]1O'}",
hydroxyureaa,chemical,HYDROXYUREA,VSNHCAURESNICA-UHFFFAOYSA-N,https://pubchem.ncbi.nlm.nih.gov/compound/VSNHCAURESNICA-UHFFFAOYSA-N,C(=O)(N)NO,https://pubchem.ncbi.nlm.nih.gov/compound/3657,3657,https://pubchem.ncbi.nlm.nih.gov/compound/3657,CHEMBL467,https://www.ebi.ac.uk/chembl/compound_report_card/CHEMBL467/,,,,,,,,,,,,,,,"SMILES mismatch: {'C(=O)(N)NO', 'NC(=O)NO'}",
adenosin mono phsphate,chemical,,UDMBCSSLTHHNCD-KQYNXXCUSA-N,https://pubchem.ncbi.nlm.nih.gov/compound/UDMBCSSLTHHNCD-KQYNXXCUSA-N,C1=NC(=C2C(=N1)N(C=N2)C3C(C(C(O3)COP(=O)(O)O)O)O)N,https://pubchem.ncbi.nlm.nih.gov/compound/6083,6083,https://pubchem.ncbi.nlm.nih.gov/compound/6083,CHEMBL603764,https://www.ebi.ac.uk/chembl/compound_report_card/CHEMBL603764/,,,,,,,,,,,,,,,"SMILES mismatch: {'C1=NC(=C2C(=N1)N(C=N2)C3C(C(C(O3)COP(=O)(O)O)O)O)N', 'Nc1ncnc2c1ncn2C1O[C@H](COP(=O)(O)O)[C@@H](O)[C@H]1O'}",
cytidne,chemical,,UHDGCWIWMRVCDJ-XVFCMESISA-N,https://pubchem.ncbi.nlm.nih.gov/compound/UHDGCWIWMRVCDJ-XVFCMESISA-N,C1=CN(C(=O)N=C1N)C2C(C(C(O2)CO)O)O,https://pubchem.ncbi.nlm.nih.gov/compound/6175,6175,https://pubchem.ncbi.nlm.nih.gov/compound/6175,CHEMBL3559612,https://www.ebi.ac.uk/chembl/compound_report_card/CHEMBL3559612/,,,,,,,,,,,,,,,"SMILES mismatch: {'C1=CN(C(=O)N=C1N)C2C(C(C(O2)CO)O)O', 'Cc1c2cc[n+](C)cc2c(C)c2c3c([nH]c12)C=CC(=O)[C@@]31O[C@@H]2[C@H](O1)[C@@H](CO)O[C@H]2n1ccc(N)nc1=O'}",
phosophocreatinee,chemical,,DRBBFCLWYRJSJZ-UHFFFAOYSA-N,https://pubchem.ncbi.nlm.nih.gov/compound/DRBBFCLWYRJSJZ-UHFFFAOYSA-N,CN(CC(=O)O)C(=NP(=O)(O)O)N,https://pubchem.ncbi.nlm.nih.gov/compound/9548602,9548602,https://pubchem.ncbi.nlm.nih.gov/compound/9548602,CHEMBL8056,https://www.ebi.ac.uk/chembl/compound_report_card/CHEMBL8056/,,,,,,,,,,,,,,,"SMILES mismatch: {'CN(CC(=O)O)C(=NP(=O)(O)O)N', 'CN(CC(=O)O)C(=N)CP(=O)([O-])[O-].[Na+].[Na+]'}",
sphingomylin,chemical,,LKQLRGMMMAHREN-NWBJSICCSA-N,https://pubchem.ncbi.nlm.nih.gov/compound/LKQLRGMMMAHREN-NWBJSICCSA-N,CCCCCCCCCCCCCCCCCC(=O)NC(COP(=O)([O-])OCC[N+](C)(C)C)C(C=CCCCCCCCCCCCCC)O,https://pubchem.ncbi.nlm.nih.gov/compound/5353953,5353953,https://pubchem.ncbi.nlm.nih.gov/compound/5353953,CHEMBL4526394,https://www.ebi.ac.uk/chembl/compound_report_card/CHEMBL4526394/,,,,,,,,,,,,,,,"SMILES mismatch: {'CCCCCCCCCCCCCCCCCC(=O)NC(COP(=O)([O-])OCC[N+](C)(C)C)C(C=CCCCCCCCCCCCCC)O', 'CCCCCCCCCCCCC/C=C/[C@@H](O)[C@H](COP(=O)([O-])OCC[N+](C)(C)C)NC(=O)CCCCCCCCCCCCCCC'}",
phosphatdylserine,chemical,,TZCPCKNHXULUIY-RGULYWFUSA-N,https://pubchem.ncbi.nlm.nih.gov/compound/TZCPCKNHXULUIY-RGULYWFUSA-N,CCCCCCCCCCCCCCCCCC(=O)OCC(COP(=O)(O)OCC(C(=O)O)N)OC(=O)CCCCCCCCCCCCCCCCC,https://pubchem.ncbi.nlm.nih.gov/compound/9547096,9547096,https://pubchem.ncbi.nlm.nih.gov/compound/9547096,CHEMBL3350680,https://www.ebi.ac.uk/chembl/compound_report_card/CHEMBL3350680/,,,,,,,,,,,,,,,"SMILES mismatch: {'CCCCCCCCCCCCCCCCCC(=O)OCC(COP(=O)(O)OCC(C(=O)O)N)OC(=O)CCCCCCCCCCCCCCCCC', 'CCCCCCCC/C=C\\CCCCCCCC(=O)OC(COC(=O)CCCCCCC/C=C/CCCCCCCC)COP(=O)(O)OC[C@H](Nc1ccc([N+](=O)[O-])c2nonc12)C(=O)O'}",
inosinne,chemical,INOSINE PRANOBEX,UGQMRVRMYYASKQ-KQYNXXCUSA-N,https://pubchem.ncbi.nlm.nih.gov/compound/UGQMRVRMYYASKQ-KQYNXXCUSA-N,C1=NC2=C(C(=O)N1)N=CN2C3C(C(C(O3)CO)O)O,https://pubchem.ncbi.nlm.nih.gov/compound/135398641,135398641,https://pubchem.ncbi.nlm.nih.gov/compound/135398641,CHEMBL3833327,https://www.ebi.ac.uk/chembl/compound_report_card/CHEMBL3833327/,,,,,,,,,,,,,,,"SMILES mismatch: {'CC(=O)Nc1ccc(C(=O)O)cc1.CC(=O)Nc1ccc(C(=O)O)cc1.CC(=O)Nc1ccc(C(=O)O)cc1.CC(O)CN(C)C.CC(O)CN(C)C.CC(O)CN(C)C.O=c1[nH]cnc2c1ncn2[C@@H]1O[C@H](CO)[C@@H](O)[C@H]1O', 'C1=NC2=C(C(=O)N1)N=CN2C3C(C(C(O3)CO)O)O'}",
benzpyrene,chemical,benzo[a]pyrene,FMMWHPNWAFZXNH-UHFFFAOYSA-N,https://pubchem.ncbi.nlm.nih.gov/compound/FMMWHPNWAFZXNH-UHFFFAOYSA-N,C1=CC=C2C3=C4C(=CC2=C1)C=CC5=C4C(=CC=C5)C=C3,https://pubchem.ncbi.nlm.nih.gov/compound/2336,2336,https://pubchem.ncbi.nlm.nih.gov/compound/2336,CHEMBL31184,https://www.ebi.ac.uk/chembl/compound_report_card/CHEMBL31184/,,,,,,,,,,,,,,,,
carboxlyic acid,chemical,,DGNYADVSOUQAEQ-LCFNMQHZSA-N,https://pubchem.ncbi.nlm.nih.gov/compound/DGNYADVSOUQAEQ-LCFNMQHZSA-N,CC1(C(NC(S1)C(C=O)(NC(=O)C(C2=CSC=C2)C(=O)O)OC)C(=O)O)C,https://pubchem.ncbi.nlm.nih.gov/compound/145946138,145946138,https://pubchem.ncbi.nlm.nih.gov/compound/145946138,CHEMBL1908958,https://www.ebi.ac.uk/chembl/compound_report_card/CHEMBL1908958/,,,,,,,,,,,,,,,"SMILES mismatch: {'O=C(O)C12C3C4C1C1C2C3C41I', 'CC1(C(NC(S1)C(C=O)(NC(=O)C(C2=CSC=C2)C(=O)O)OC)C(=O)O)C'}",
pantotennate,chemical,CALCIUM PANTOTHENATE,GHOKWGTUZJEAQD-ZETCQYMHSA-N,https://pubchem.ncbi.nlm.nih.gov/compound/GHOKWGTUZJEAQD-ZETCQYMHSA-N,CC(C)(CO)C(C(=O)NCCC(=O)O)O,https://pubchem.ncbi.nlm.nih.gov/compound/6613,6613,https://pubchem.ncbi.nlm.nih.gov/compound/6613,CHEMBL1901349,https://www.ebi.ac.uk/chembl/compound_report_card/CHEMBL1901349/,,,,,,,,,,,,,,,"SMILES mismatch: {'CC(C)(CO)C(C(=O)NCCC(=O)O)O', 'CC(C)(CO)[C@@H](O)C(=O)NCCC(=O)[O-].CC(C)(CO)[C@@H](O)C(=O)NCCC(=O)[O-].[Ca+2]'}",
ribullose,chemical,,ZAQJHHRNXZUBTE-NQXXGFSBSA-N,https://pubchem.ncbi.nlm.nih.gov/compound/ZAQJHHRNXZUBTE-NQXXGFSBSA-N,C(C(C(C(=O)CO)O)O)O,https://pubchem.ncbi.nlm.nih.gov/compound/151261,151261,https://pubchem.ncbi.nlm.nih.gov/compound/151261,CHEMBL1161704,https://www.ebi.ac.uk/chembl/compound_report_card/CHEMBL1161704/,,,,,,,,,,,,,,,"SMILES mismatch: {'CC(=O)[C@@H](O)[C@@H](O)COP(=O)(O)O', 'C(C(C(C(=O)CO)O)O)O'}",
sodum lactate,chemical,SODIUM LACTATE,NGSFWBMYFKHRBD-UHFFFAOYSA-M,https://pubchem.ncbi.nlm.nih.gov/compound/NGSFWBMYFKHRBD-UHFFFAOYSA-M,CC(C(=O)[O-])O.[Na+],https://pubchem.ncbi.nlm.nih.gov/compound/23666456,23666456,https://pubchem.ncbi.nlm.nih.gov/compound/23666456,CHEMBL1357,https://www.ebi.ac.uk/chembl/compound_report_card/CHEMBL1357/,,,,,,,,,,,,,,,"SMILES mismatch: {'CC(C(=O)[O-])O.[Na+]', 'CC(O)C(=O)[O-].[Na+]'}",
mannnitol,chemical,MANNITOL,FBPFZTCFMRRESA-KVTDHHQDSA-N,https://pubchem.ncbi.nlm.nih.gov/compound/FBPFZTCFMRRESA-KVTDHHQDSA-N,C(C(C(C(C(CO)O)O)O)O)O,https://pubchem.ncbi.nlm.nih.gov/compound/6251,6251,https://pubchem.ncbi.nlm.nih.gov/compound/6251,CHEMBL689,https://www.ebi.ac.uk/chembl/compound_report_card/CHEMBL689/,,,,,,,,,,,,,,,"SMILES mismatch: {'C(C(C(C(C(CO)O)O)O)O)O', 'OC[C@@H](O)[C@@H](O)[C@H](O)[C@H](O)CO'}",
phenyllactic acid,chemical,,NWCHELUCVWSRRS-UHFFFAOYSA-N,https://pubchem.ncbi.nlm.nih.gov/compound/NWCHELUCVWSRRS-UHFFFAOYSA-N,CC(C1=CC=CC=C1)(C(=O)O)O,https://pubchem.ncbi.nlm.nih.gov/compound/1303,1303,https://pubchem.ncbi.nlm.nih.gov/compound/1303,CHEMBL1778420,https://www.ebi.ac.uk/chembl/compound_report_card/CHEMBL1778420/,,,,,,,,,,,,,,,"SMILES mismatch: {'O=C(O)C(O)Cc1ccccc1', 'CC(C1=CC=CC=C1)(C(=O)O)O'}",
glutathion,chemical,OXIDIZED GLUTATHIONE,RWSXRVCMGQZWBV-WDSKDSINSA-N,https://pubchem.ncbi.nlm.nih.gov/compound/RWSXRVCMGQZWBV-WDSKDSINSA-N,C(CC(=O)NC(CS)C(=O)NCC(=O)O)C(C(=O)O)N,https://pubchem.ncbi.nlm.nih.gov/compound/124886,124886,https://pubchem.ncbi.nlm.nih.gov/compound/124886,CHEMBL2074781,https://www.ebi.ac.uk/chembl/compound_report_card/CHEMBL2074781/,,,,,,,,,,,,,,,"SMILES mismatch: {'N[C@@H](CCC(=O)C[C@@H](CSSC[C@H](NC(=O)CC[C@H](N)C(=O)O)C(=O)NCC(=O)O)C(=O)NCC(=O)O)C(=O)O', 'C(CC(=O)NC(CS)C(=O)NCC(=O)O)C(C(=O)O)N'}",
Methanolle,chemical,METHYL ALCOHOL,OKKJLVBELUTLKV-UHFFFAOYSA-N,https://pubchem.ncbi.nlm.nih.gov/compound/OKKJLVBELUTLKV-UHFFFAOYSA-N,CO,https://pubchem.ncbi.nlm.nih.gov/compound/887,887,https://pubchem.ncbi.nlm.nih.gov/compound/887,CHEMBL14688,https://www.ebi.ac.uk/chembl/compound_report_card/CHEMBL14688/,,,,,,,,,,,,,,,,
Xylenne,chemical,O-XYLENE,CTQNGGLPUBDAKN-UHFFFAOYSA-N,https://pubchem.ncbi.nlm.nih.gov/compound/CTQNGGLPUBDAKN-UHFFFAOYSA-N,CC1=CC=CC=C1C,https://pubchem.ncbi.nlm.nih.gov/compound/7237,7237,https://pubchem.ncbi.nlm.nih.gov/compound/7237,CHEMBL45005,https://www.ebi.ac.uk/chembl/compound_report_card/CHEMBL45005/,,,,,,,,,,,,,,,"SMILES mismatch: {'Cc1ccccc1C', 'CC1=CC=CC=C1C'}",
Styrenee,chemical,STYRENE,PPBRXRYQALVLMV-UHFFFAOYSA-N,https://pubchem.ncbi.nlm.nih.gov/compound/PPBRXRYQALVLMV-UHFFFAOYSA-N,C=CC1=CC=CC=C1,https://pubchem.ncbi.nlm.nih.gov/compound/7501,7501,https://pubchem.ncbi.nlm.nih.gov/compound/7501,CHEMBL285235,https://www.ebi.ac.uk/chembl/compound_report_card/CHEMBL285235/,,,,,,,,,,,,,,,"SMILES mismatch: {'C=Cc1ccccc1', 'C=CC1=CC=CC=C1'}",
Chloroformm,chemical,chloroform,HEDRZPFGACZZDS-UHFFFAOYSA-N,https://pubchem.ncbi.nlm.nih.gov/compound/HEDRZPFGACZZDS-UHFFFAOYSA-N,C(Cl)(Cl)Cl,https://pubchem.ncbi.nlm.nih.gov/compound/6212,6212,https://pubchem.ncbi.nlm.nih.gov/compound/6212,,,,,,,,,,,,,,,,,,
Hexanee,chemical,HEXANE,VLKZOEOYAKHREP-UHFFFAOYSA-N,https://pubchem.ncbi.nlm.nih.gov/compound/VLKZOEOYAKHREP-UHFFFAOYSA-N,CCCCCC,https://pubchem.ncbi.nlm.nih.gov/compound/8058,8058,https://pubchem.ncbi.nlm.nih.gov/compound/8058,CHEMBL15939,https://www.ebi.ac.uk/chembl/compound_report_card/CHEMBL15939/,,,,,,,,,,,,,,,,
Ethanul,chemical,ALCOHOL,LFQSCWFLJHTTHZ-UHFFFAOYSA-N,https://pubchem.ncbi.nlm.nih.gov/compound/LFQSCWFLJHTTHZ-UHFFFAOYSA-N,CCO,https://pubchem.ncbi.nlm.nih.gov/compound/702,702,https://pubchem.ncbi.nlm.nih.gov/compound/702,CHEMBL545,https://www.ebi.ac.uk/chembl/compound_report_card/CHEMBL545/,,,,,,,,,,,,,,,,
carnittine,chemical,CARNITINE,PHIQHXFUZVPYII-UHFFFAOYSA-N,https://pubchem.ncbi.nlm.nih.gov/compound/PHIQHXFUZVPYII-UHFFFAOYSA-N,C[N+](C)(C)CC(CC(=O)[O-])O,https://pubchem.ncbi.nlm.nih.gov/compound/288,288,https://pubchem.ncbi.nlm.nih.gov/compound/288,CHEMBL172513,https://www.ebi.ac.uk/chembl/compound_report_card/CHEMBL172513/,,,,,,,,,,,,,,,"SMILES mismatch: {'C[N+](C)(C)CC(CC(=O)[O-])O', 'C[N+](C)(C)CC(O)CC(=O)[O-]'}",
ethanollamine,chemical,ETHANOLAMINE OLEATE,HZAXFHJVJLSVMW-UHFFFAOYSA-N,https://pubchem.ncbi.nlm.nih.gov/compound/HZAXFHJVJLSVMW-UHFFFAOYSA-N,C(CO)N,https://pubchem.ncbi.nlm.nih.gov/compound/700,700,https://pubchem.ncbi.nlm.nih.gov/compound/700,CHEMBL3989529,https://www.ebi.ac.uk/chembl/compound_report_card/CHEMBL3989529/,,,,,,,,,,,,,,,"SMILES mismatch: {'CCCCCCCC/C=C\\CCCCCCCC(=O)O.NCCO', 'C(CO)N'}",
lysophoatidylcholine,chemical,,RYCNUMLMNKHWPZ-SNVBAGLBSA-N,https://pubchem.ncbi.nlm.nih.gov/compound/RYCNUMLMNKHWPZ-SNVBAGLBSA-N,CC(=O)OCC(COP(=O)([O-])OCC[N+](C)(C)C)O,https://pubchem.ncbi.nlm.nih.gov/compound/5311264,5311264,https://pubchem.ncbi.nlm.nih.gov/compound/5311264,CHEMBL5431567,https://www.ebi.ac.uk/chembl/compound_report_card/CHEMBL5431567/,,,,,,,,,,,,,,,"SMILES mismatch: {'CCCCCC/C=C\\CCCCCCCC(=O)OC[C@@H](O)COP(=O)([O-])OCC[N+](C)(C)C', 'CC(=O)OCC(COP(=O)([O-])OCC[N+](C)(C)C)O'}",
thiaminn,chemical,,JZRWCGZRTZMZEH-UHFFFAOYSA-N,https://pubchem.ncbi.nlm.nih.gov/compound/JZRWCGZRTZMZEH-UHFFFAOYSA-N,CC1=C(SC=[N+]1CC2=CN=C(N=C2N)C)CCO,https://pubchem.ncbi.nlm.nih.gov/compound/1130,1130,https://pubchem.ncbi.nlm.nih.gov/compound/1130,CHEMBL3559441,https://www.ebi.ac.uk/chembl/compound_report_card/CHEMBL3559441/,,,,,,,,,,,,,,,"SMILES mismatch: {'COc1ncc(C[n+]2csc(CCOP(=O)([O-])OP(=O)(O)O)c2C)c(N)n1', 'CC1=C(SC=[N+]1CC2=CN=C(N=C2N)C)CCO'}",
pyrdoxine,chemical,PYRIDOXINE,LXNHXLLTXMVWPM-UHFFFAOYSA-N,https://pubchem.ncbi.nlm.nih.gov/compound/LXNHXLLTXMVWPM-UHFFFAOYSA-N,CC1=NC=C(C(=C1O)CO)CO,https://pubchem.ncbi.nlm.nih.gov/compound/1054,1054,https://pubchem.ncbi.nlm.nih.gov/compound/1054,CHEMBL1364,https://www.ebi.ac.uk/chembl/compound_report_card/CHEMBL1364/,,,,,,,,,,,,,,,"SMILES mismatch: {'CC1=NC=C(C(=C1O)CO)CO', 'Cc1ncc(CO)c(CO)c1O'}",
biottin,chemical,BIOTIN,YBJHBAHKTGYVGT-ZKWXMUAHSA-N,https://pubchem.ncbi.nlm.nih.gov/compound/YBJHBAHKTGYVGT-ZKWXMUAHSA-N,C1C2C(C(S1)CCCCC(=O)O)NC(=O)N2,https://pubchem.ncbi.nlm.nih.gov/compound/171548,171548,https://pubchem.ncbi.nlm.nih.gov/compound/171548,CHEMBL857,https://www.ebi.ac.uk/chembl/compound_report_card/CHEMBL857/,,,,,,,,,,,,,,,"SMILES mismatch: {'O=C(O)CCCC[C@@H]1SC[C@@H]2NC(=O)N[C@@H]21', 'C1C2C(C(S1)CCCCC(=O)O)NC(=O)N2'}",
riboflvin,chemical,RIBOFLAVIN,AUNGANRZJHBGPY-SCRDCRAPSA-N,https://pubchem.ncbi.nlm.nih.gov/compound/AUNGANRZJHBGPY-SCRDCRAPSA-N,CC1=CC2=C(C=C1C)N(C3=NC(=O)NC(=O)C3=N2)CC(C(C(CO)O)O)O,https://pubchem.ncbi.nlm.nih.gov/compound/493570,493570,https://pubchem.ncbi.nlm.nih.gov/compound/493570,CHEMBL1534,https://www.ebi.ac.uk/chembl/compound_report_card/CHEMBL1534/,,,,,,,,,,,,,,,"SMILES mismatch: {'CC1=CC2=C(C=C1C)N(C3=NC(=O)NC(=O)C3=N2)CC(C(C(CO)O)O)O', 'Cc1cc2nc3c(=O)[nH]c(=O)nc-3n(C[C@H](O)[C@H](O)[C@H](O)CO)c2cc1C'}",
pantothenic aciid,chemical,PANTOTHENIC ACID,GHOKWGTUZJEAQD-ZETCQYMHSA-N,https://pubchem.ncbi.nlm.nih.gov/compound/GHOKWGTUZJEAQD-ZETCQYMHSA-N,CC(C)(CO)C(C(=O)NCCC(=O)O)O,https://pubchem.ncbi.nlm.nih.gov/compound/6613,6613,https://pubchem.ncbi.nlm.nih.gov/compound/6613,CHEMBL1594,https://www.ebi.ac.uk/chembl/compound_report_card/CHEMBL1594/,,,,,,,,,,,,,,,"SMILES mismatch: {'CC(C)(CO)C(C(=O)NCCC(=O)O)O', 'CC(C)(CO)[C@@H](O)C(=O)NCCC(=O)O'}",
ubiquinoon,chemical,Coenzyme Q1,ACTIUHUUMQJHFO-UPTCCGCDSA-N,https://pubchem.ncbi.nlm.nih.gov/compound/ACTIUHUUMQJHFO-UPTCCGCDSA-N,CC1=C(C(=O)C(=C(C1=O)OC)OC)CC=C(C)CCC=C(C)CCC=C(C)CCC=C(C)CCC=C(C)CCC=C(C)CCC=C(C)CCC=C(C)CCC=C(C)CCC=C(C)C,https://pubchem.ncbi.nlm.nih.gov/compound/5281915,5281915,https://pubchem.ncbi.nlm.nih.gov/compound/5281915,CHEMBL1236594,https://www.ebi.ac.uk/chembl/compound_report_card/CHEMBL1236594/,,,,,,,,,,,,,,,"SMILES mismatch: {'CC1=C(C(=O)C(=C(C1=O)OC)OC)CC=C(C)CCC=C(C)CCC=C(C)CCC=C(C)CCC=C(C)CCC=C(C)CCC=C(C)CCC=C(C)CCC=C(C)CCC=C(C)C', 'COC1=C(OC)C(=O)C(CC=C(C)C)=C(C)C1=O'}",
cytochrome c oxidse,protein,Cytochrome c oxidase,,,,,,,,,,,,,,,https://www.ncbi.nlm.nih.gov/protein/2991304542,,,Q01519,https://www.uniprot.org/uniprot/Q01519,,cd00926,https://www.ebi.ac.uk/interpro/entry/InterPro/cd00926/,,
glucurronic acid,chemical,,AEMOLEFTQBMNLQ-AQKNRBDQSA-N,https://pubchem.ncbi.nlm.nih.gov/compound/AEMOLEFTQBMNLQ-AQKNRBDQSA-N,C1(C(C(OC(C1O)O)C(=O)O)O)O,https://pubchem.ncbi.nlm.nih.gov/compound/94715,94715,https://pubchem.ncbi.nlm.nih.gov/compound/94715,CHEMBL1162071,https://www.ebi.ac.uk/chembl/compound_report_card/CHEMBL1162071/,,,,,,,,,,,,,,,"SMILES mismatch: {'O=C(O)[C@@H]1O[C@@H](OP(=O)(O)OP(=O)(O)OC[C@H]2O[C@@H](n3ccc(=O)[nH]c3=O)[C@H](O)[C@@H]2O)[C@@H](O)[C@H](O)[C@H]1O', 'C1(C(C(OC(C1O)O)C(=O)O)O)O'}",
inosittol,chemical,INOSITOL NIACINATE,CDAISMWEOUEBRE-UHFFFAOYSA-N,https://pubchem.ncbi.nlm.nih.gov/compound/CDAISMWEOUEBRE-UHFFFAOYSA-N,C1(C(C(C(C(C1O)O)O)O)O)O,https://pubchem.ncbi.nlm.nih.gov/compound/892,892,https://pubchem.ncbi.nlm.nih.gov/compound/892,CHEMBL1094982,https://www.ebi.ac.uk/chembl/compound_report_card/CHEMBL1094982/,,,,,,,,,,,,,,,"SMILES mismatch: {'O=C(O[C@H]1[C@H](OC(=O)c2cccnc2)[C@@H](OC(=O)c2cccnc2)[C@H](OC(=O)c2cccnc2)[C@@H](OC(=O)c2cccnc2)[C@H]1OC(=O)c1cccnc1)c1cccnc1', 'C1(C(C(C(C(C1O)O)O)O)O)O'}",
cystiene,chemical,CYSTEINE HYDROCHLORIDE,XUJNEKJLAYXESH-REOHCLBHSA-N,https://pubchem.ncbi.nlm.nih.gov/compound/XUJNEKJLAYXESH-REOHCLBHSA-N,C(C(C(=O)O)N)S,https://pubchem.ncbi.nlm.nih.gov/compound/5862,5862,https://pubchem.ncbi.nlm.nih.gov/compound/5862,CHEMBL1200630,https://www.ebi.ac.uk/chembl/compound_report_card/CHEMBL1200630/,,,,,,,,,,,,,,,"SMILES mismatch: {'C(C(C(=O)O)N)S', 'Cl.N[C@@H](CS)C(=O)O'}",
phosphoenolpyruate,chemical,PHOSPHOENOLPYRUVATE,DTBNBXWJWCWCIK-UHFFFAOYSA-N,https://pubchem.ncbi.nlm.nih.gov/compound/DTBNBXWJWCWCIK-UHFFFAOYSA-N,C=C(C(=O)O)OP(=O)(O)O,https://pubchem.ncbi.nlm.nih.gov/compound/1005,1005,https://pubchem.ncbi.nlm.nih.gov/compound/1005,CHEMBL1235228,https://www.ebi.ac.uk/chembl/compound_report_card/CHEMBL1235228/,,,,,,,,,,,,,,,"SMILES mismatch: {'C=C(C(=O)O)OP(=O)(O)O', 'C=C(OP(=O)(O)O)C(=O)O'}",
xanhtine,chemical,,LRFVTYWOQMYALW-UHFFFAOYSA-N,https://pubchem.ncbi.nlm.nih.gov/compound/LRFVTYWOQMYALW-UHFFFAOYSA-N,C1=NC2=C(N1)C(=O)NC(=O)N2,https://pubchem.ncbi.nlm.nih.gov/compound/1188,1188,https://pubchem.ncbi.nlm.nih.gov/compound/1188,CHEMBL3910415,https://www.ebi.ac.uk/chembl/compound_report_card/CHEMBL3910415/,,,,,,,,,,,,,,,"SMILES mismatch: {'O=C1NC(=O)C2N=CNC2N1', 'C1=NC2=C(N1)C(=O)NC(=O)N2'}",
cholstrerol,chemical,,HVYWMOMLDIMFJA-DPAQBDIFSA-N,https://pubchem.ncbi.nlm.nih.gov/compound/HVYWMOMLDIMFJA-DPAQBDIFSA-N,CC(C)CCCC(C)C1CCC2C1(CCC3C2CC=C4C3(CCC(C4)O)C)C,https://pubchem.ncbi.nlm.nih.gov/compound/5997,5997,https://pubchem.ncbi.nlm.nih.gov/compound/5997,CHEMBL3184306,https://www.ebi.ac.uk/chembl/compound_report_card/CHEMBL3184306/,,,,,,,,,,,,,,,"SMILES mismatch: {'CC(C)CCCC(C)C1CCC2C3CC=C4CC(O)CCC4(C)C3CCC12C', 'CC(C)CCCC(C)C1CCC2C1(CCC3C2CC=C4C3(CCC(C4)O)C)C'}",
hydrogen perooxide,chemical,HYDROGEN PEROXIDE,MHAJPDPJQMAIIY-UHFFFAOYSA-N,https://pubchem.ncbi.nlm.nih.gov/compound/MHAJPDPJQMAIIY-UHFFFAOYSA-N,OO,https://pubchem.ncbi.nlm.nih.gov/compound/784,784,https://pubchem.ncbi.nlm.nih.gov/compound/784,CHEMBL71595,https://www.ebi.ac.uk/chembl/compound_report_card/CHEMBL71595/,,,,,,,,,,,,,,,,
methiunine,chemical,,FFEARJCKVFRZRR-BYPYZUCNSA-N,https://pubchem.ncbi.nlm.nih.gov/compound/FFEARJCKVFRZRR-BYPYZUCNSA-N,CSCCC(C(=O)O)N,https://pubchem.ncbi.nlm.nih.gov/compound/6137,6137,https://pubchem.ncbi.nlm.nih.gov/compound/6137,CHEMBL1234268,https://www.ebi.ac.uk/chembl/compound_report_card/CHEMBL1234268/,,,,,,,,,,,,,,,"SMILES mismatch: {'CSCC[C@@H](N)C(=O)O', 'CSCCC(C(=O)O)N'}",
propeonic acid,chemical,PROPIONIC ACID,XBDQKXXYIPTUBI-UHFFFAOYSA-N,https://pubchem.ncbi.nlm.nih.gov/compound/XBDQKXXYIPTUBI-UHFFFAOYSA-N,CCC(=O)O,https://pubchem.ncbi.nlm.nih.gov/compound/1032,1032,https://pubchem.ncbi.nlm.nih.gov/compound/1032,CHEMBL14021,https://www.ebi.ac.uk/chembl/compound_report_card/CHEMBL14021/,,,,,,,,,,,,,,,,
cretnine,chemical,CREATININE,DDRJAANPRJIHGJ-UHFFFAOYSA-N,https://pubchem.ncbi.nlm.nih.gov/compound/DDRJAANPRJIHGJ-UHFFFAOYSA-N,CN1CC(=O)N=C1N,https://pubchem.ncbi.nlm.nih.gov/compound/588,588,https://pubchem.ncbi.nlm.nih.gov/compound/588,CHEMBL65567,https://www.ebi.ac.uk/chembl/compound_report_card/CHEMBL65567/,,,,,,,,,,,,,,,"SMILES mismatch: {'CN1CC(=O)N=C1N', 'CN1CC(=O)NC1=N'}",
ribos,chemical,sulfur,NINIDFKCEFEMDL-UHFFFAOYSA-N,https://pubchem.ncbi.nlm.nih.gov/compound/NINIDFKCEFEMDL-UHFFFAOYSA-N,[S],https://pubchem.ncbi.nlm.nih.gov/compound/5362487,5362487,https://pubchem.ncbi.nlm.nih.gov/compound/5362487,CHEMBL256997,https://www.ebi.ac.uk/chembl/compound_report_card/CHEMBL256997/,,,,,,,,,,,,,,,,
seryne,chemical,SERINE,MTCFGRXMJLQNBG-REOHCLBHSA-N,https://pubchem.ncbi.nlm.nih.gov/compound/MTCFGRXMJLQNBG-REOHCLBHSA-N,C(C(C(=O)O)N)O,https://pubchem.ncbi.nlm.nih.gov/compound/5951,5951,https://pubchem.ncbi.nlm.nih.gov/compound/5951,CHEMBL11298,https://www.ebi.ac.uk/chembl/compound_report_card/CHEMBL11298/,,,,,,,,,,,,,,,"SMILES mismatch: {'N[C@@H](CO)C(=O)O', 'C(C(C(=O)O)N)O'}",
ribos-5-phospahe,chemical,,PPQRONHOSHZGFQ-LMVFSUKVSA-N,https://pubchem.ncbi.nlm.nih.gov/compound/PPQRONHOSHZGFQ-LMVFSUKVSA-N,C(C(C(C(C=O)O)O)O)OP(=O)(O)O,https://pubchem.ncbi.nlm.nih.gov/compound/77982,77982,https://pubchem.ncbi.nlm.nih.gov/compound/77982,CHEMBL1161472,https://www.ebi.ac.uk/chembl/compound_report_card/CHEMBL1161472/,,,,,,,,,,,,,,,"SMILES mismatch: {'C(C(C(C(C=O)O)O)O)OP(=O)(O)O', 'O=P(O)(O)OCC1OC(O)CC1O'}",
alpha-ketoglotarate,Not found,Not found,,,,,,,,,,,,,,,,,,,,,,,No IDs found,
bile acidds,Not found,Not found,,,,,,,,,,,,,,,,,,,,,,,No IDs found,
